id;first_name;last_name;email;phone_number;hire_date;salary;commission_pct
1;Bouchard;Marchal;Megane.Meunier41@yahoo.fr;à seule fin de vroum;2024-09-03T01:28:23;11644;403
2;Quiéta;Perez;Swassane.Arnaud19@yahoo.fr;déclarer;2024-09-03T01:46:34;26638;6489
3;Florestan;Girard;Sandra_Marie@yahoo.fr;recta chef de cuisine;2024-09-02T13:38:40;24948;28562
4;Gaëlle;Bertrand;Marcel75@gmail.com;trop tant gens;2024-09-02T15:30:39;22314;15552
5;Adegrin;Durand;Oriande.Moulin@gmail.com;égoïste moins;2024-09-02T12:34:03;28046;15358
6;Agilbert;Menard;Hardouin_Barbier23@yahoo.fr;commissionnaire gestionnaire à la faveur de;2024-09-02T12:27:02;29524;9249
7;Émilie;Adam;Xenophon.Hubert@gmail.com;paf rapide;2024-09-02T09:06:36;13176;25817
8;Arnaud;Blanchard;Claudien66@hotmail.fr;déjà à l'instar de accrocher;2024-09-02T06:20:01;30384;22653
9;Anthelmette;Moulin;Adenet59@gmail.com;autour altruiste trop;2024-09-02T19:42:36;6879;14308
10;Adrehilde;Gaillard;Amandine_Charpentier@yahoo.fr;en;2024-09-02T23:01:16;16966;27139
