id;name;email;phone;message;file;file_content_type;city;other_country;date;subject_id
1;triste bien groin groin;"6B4-@%#+Ku.5OmT`S";;../fake-data/blob/hipster.txt;../fake-data/blob/hipster.png;image/png;Saint-Étienne;pour que du fait que areu areu;2024-09-02T19:44:57;1
2;citer jusqu’à ce que pas mal;"L`^rCR@r.3";"+9497.041087555-9076";../fake-data/blob/hipster.txt;../fake-data/blob/hipster.png;image/png;Cannes;membre titulaire pendant que;2024-09-02T21:06:24;2
3;carrément;"<,dvo+@?=:#.iuvC";;../fake-data/blob/hipster.txt;../fake-data/blob/hipster.png;image/png;Cayenne;plier;2024-09-02T04:47:16;3
4;prout;"Dz\0@i4eT.OgB";"+94629058-3378";../fake-data/blob/hipster.txt;../fake-data/blob/hipster.png;image/png;Reims;respecter pas mal;2024-09-02T15:50:25;4
5;dans la mesure où où;"m!?%Y@db;e^._e9t";;../fake-data/blob/hipster.txt;../fake-data/blob/hipster.png;image/png;Montpellier;mince vraiment;2024-09-02T14:17:02;5
6;dedans;",kF:<m@P!j2,<.7m8";;../fake-data/blob/hipster.txt;../fake-data/blob/hipster.png;image/png;Neuilly-sur-Seine;répondre;2024-09-02T17:05:39;6
7;revivre vu que;"oyVh@\j+.op";"+9387-(6.0907443014";../fake-data/blob/hipster.txt;../fake-data/blob/hipster.png;image/png;Pessac;de manière à ce que à la faveur de élever;2024-09-02T12:22:06;7
8;à force de;"m0sLBW@H*le.~4";"+260.156690 4039";../fake-data/blob/hipster.txt;../fake-data/blob/hipster.png;image/png;Cayenne;quand aïe cadre;2024-09-02T15:29:15;8
9;vorace;"?G9YY@|7..Y.Wb.";"351.460603 3531";../fake-data/blob/hipster.txt;../fake-data/blob/hipster.png;image/png;Clermont-Ferrand;remonter aspirer après;2024-09-02T10:39:33;9
10;boum guide;"UxxI@OEJ.,*1";"+4230 171 2404";../fake-data/blob/hipster.txt;../fake-data/blob/hipster.png;image/png;Mérignac;équipe apporter un peu;2024-09-02T12:37:08;10
